product_id,product_name,specifications,price,stock,compatible_with
P01,AuraPhone 15,"6.2in OLED, 128GB Storage, 8GB RAM",799.00,150,"P03,P04,P05,P10,P11,P12"
P02,AuraPhone 15 Pro,"6.7in OLED, 256GB Storage, 12GB RAM",1099.00,85,"P03,P04,P06,P10,P11,P12"
P03,20W USB-C Power Adapter,"20W output, USB-C port, White",19.99,500,"P01,P02,P07,P08,P09"
P04,Braided USB-C to USB-C Cable,"1.5m length, Nylon braided, up to 100W",14.99,1200,"P01,P02,P03,P07,P08,P09,P15,P16"
P05,AuraPhone 15 Clear Case,"Polycarbonate, Mag-compatible, Anti-yellowing",29.99,320,"P01"
P06,AuraPhone 15 Pro Leather Case,"Genuine Leather, Midnight Blue",49.99,210,"P02"
P07,AuraBuds Standard,"Active Noise Cancellation, 24h battery, White",129.99,450,"P01,P02,P04,P15,P16"
P08,AuraBuds Pro,"Adaptive ANC, Spatial Audio, 30h battery",199.99,280,"P01,P02,P04,P15,P16"
P09,AuraWatch Series 5,"41mm, Aluminum, GPS, Heart Rate",299.99,115,"P01,P02,P13,P14"
P10,Wireless Charging Pad,"15W Qi-certified, Anti-slip surface",39.99,240,"P01,P02,P07,P08"
P11,Magnetic Car Mount,"Air vent clip, 15W charging, Black",45.00,180,"P01,P02"
P12,Screen Protector (2-Pack),"Tempered Glass, 9H Hardness",15.99,800,"P01,P02"
P13,AuraWatch Sport Band,"Silicone, Breathable, Neon Green",25.00,340,"P09"
P14,AuraWatch Magnetic Link,"Faux leather, Adjustable, Brown",45.00,120,"P09"
P15,AuraTab 10,"10.9in IPS, 64GB, Wi-Fi",449.00,90,"P03,P04,P07,P08,P17,P18"
P16,AuraTab 10 Pro,"11.5in OLED, 256GB, Wi-Fi + Cellular",749.00,60,"P03,P04,P07,P08,P19,P20"
P17,AuraTab 10 Folio Case,"Magnetic attachment, Auto wake/sleep",59.99,150,"P15"
P18,Stylus Pen Gen 1,"Pressure sensitive, USB-C charging",79.99,200,"P15"
P19,AuraTab Pro Keyboard Case,"Backlit keys, Trackpad, Floating cantilever",149.99,75,"P16"
P20,Stylus Pen Gen 2,"Magnetic wireless charging, Double-tap tool",119.99,110,"P16"
P21,Portable Power Bank 10000mAh,"18W output, Dual USB-A, Single USB-C",35.99,400,"P01,P02,P04,P07,P08,P09"
P22,Portable Power Bank 20000mAh,"65W output, Laptop compatible",69.99,150,"P01,P02,P04,P15,P16"
P23,Smart Tag Tracker,"Bluetooth tracking, Replaceable battery",29.99,600,"P01,P02"
P24,Smart Tag Tracker (4-Pack),"Bluetooth tracking, Replaceable battery",99.99,250,"P01,P02"
P25,Smart Tag Leather Keychain,"Stainless steel ring, Vegan leather",15.00,400,"P23,P24"
P26,Dual Port 35W Charger,"2x USB-C ports, GaN technology",39.99,300,"P01,P02,P04,P07,P15"
P27,Webcam 1080p,"Autofocus, Built-in microphone, USB-A",59.99,120,"P15,P16"
P28,USB-C Hub 6-in-1,"HDMI, 2x USB-A, SD/MicroSD, 100W PD",49.99,180,"P15,P16"
P29,Bluetooth Mechanical Keyboard,"75% Layout, Brown switches, Mac/Win",89.99,95,"P01,P02,P15,P16"
P30,Ergonomic Wireless Mouse,"Vertical design, Bluetooth/2.4GHz",45.99,140,"P15,P16"